[{"filename": "image_4.jpg", "mask": null, "width": 1080, "height": 1440, "camera_make": "", "camera_model": "", "orientation": 1, "latitude": null, "longitude": null, "altitude": null, "band_name": "RGB", "band_index": 0, "capture_uuid": null, "fnumber": null, "radiometric_calibration": null, "black_level": null, "gain": null, "gain_adjustment": null, "exposure_time": null, "iso_speed": null, "bits_per_sample": null, "vignetting_center": null, "vignetting_polynomial": null, "spectral_irradiance": null, "horizontal_irradiance": null, "irradiance_scale_to_si": null, "utc_time": null, "yaw": null, "pitch": null, "roll": null, "omega": null, "phi": null, "kappa": null, "sun_sensor": null, "dls_yaw": null, "dls_pitch": null, "dls_roll": null, "speed_x": null, "speed_y": null, "speed_z": null, "exif_width": null, "exif_height": null, "gps_xy_stddev": null, "gps_z_stddev": null, "camera_projection": "brown", "focal_ratio": 0.85}, {"filename": "image_2.jpg", "mask": null, "width": 1080, "height": 1440, "camera_make": "", "camera_model": "", "orientation": 1, "latitude": null, "longitude": null, "altitude": null, "band_name": "RGB", "band_index": 0, "capture_uuid": null, "fnumber": null, "radiometric_calibration": null, "black_level": null, "gain": null, "gain_adjustment": null, "exposure_time": null, "iso_speed": null, "bits_per_sample": null, "vignetting_center": null, "vignetting_polynomial": null, "spectral_irradiance": null, "horizontal_irradiance": null, "irradiance_scale_to_si": null, "utc_time": null, "yaw": null, "pitch": null, "roll": null, "omega": null, "phi": null, "kappa": null, "sun_sensor": null, "dls_yaw": null, "dls_pitch": null, "dls_roll": null, "speed_x": null, "speed_y": null, "speed_z": null, "exif_width": null, "exif_height": null, "gps_xy_stddev": null, "gps_z_stddev": null, "camera_projection": "brown", "focal_ratio": 0.85}, {"filename": "image_9.jpg", "mask": null, "width": 1080, "height": 1440, "camera_make": "", "camera_model": "", "orientation": 1, "latitude": null, "longitude": null, "altitude": null, "band_name": "RGB", "band_index": 0, "capture_uuid": null, "fnumber": null, "radiometric_calibration": null, "black_level": null, "gain": null, "gain_adjustment": null, "exposure_time": null, "iso_speed": null, "bits_per_sample": null, "vignetting_center": null, "vignetting_polynomial": null, "spectral_irradiance": null, "horizontal_irradiance": null, "irradiance_scale_to_si": null, "utc_time": null, "yaw": null, "pitch": null, "roll": null, "omega": null, "phi": null, "kappa": null, "sun_sensor": null, "dls_yaw": null, "dls_pitch": null, "dls_roll": null, "speed_x": null, "speed_y": null, "speed_z": null, "exif_width": null, "exif_height": null, "gps_xy_stddev": null, "gps_z_stddev": null, "camera_projection": "brown", "focal_ratio": 0.85}, {"filename": "image_5.jpg", "mask": null, "width": 1080, "height": 1440, "camera_make": "", "camera_model": "", "orientation": 1, "latitude": null, "longitude": null, "altitude": null, "band_name": "RGB", "band_index": 0, "capture_uuid": null, "fnumber": null, "radiometric_calibration": null, "black_level": null, "gain": null, "gain_adjustment": null, "exposure_time": null, "iso_speed": null, "bits_per_sample": null, "vignetting_center": null, "vignetting_polynomial": null, "spectral_irradiance": null, "horizontal_irradiance": null, "irradiance_scale_to_si": null, "utc_time": null, "yaw": null, "pitch": null, "roll": null, "omega": null, "phi": null, "kappa": null, "sun_sensor": null, "dls_yaw": null, "dls_pitch": null, "dls_roll": null, "speed_x": null, "speed_y": null, "speed_z": null, "exif_width": null, "exif_height": null, "gps_xy_stddev": null, "gps_z_stddev": null, "camera_projection": "brown", "focal_ratio": 0.85}, {"filename": "image_17.jpg", "mask": null, "width": 1080, "height": 1440, "camera_make": "", "camera_model": "", "orientation": 1, "latitude": null, "longitude": null, "altitude": null, "band_name": "RGB", "band_index": 0, "capture_uuid": null, "fnumber": null, "radiometric_calibration": null, "black_level": null, "gain": null, "gain_adjustment": null, "exposure_time": null, "iso_speed": null, "bits_per_sample": null, "vignetting_center": null, "vignetting_polynomial": null, "spectral_irradiance": null, "horizontal_irradiance": null, "irradiance_scale_to_si": null, "utc_time": null, "yaw": null, "pitch": null, "roll": null, "omega": null, "phi": null, "kappa": null, "sun_sensor": null, "dls_yaw": null, "dls_pitch": null, "dls_roll": null, "speed_x": null, "speed_y": null, "speed_z": null, "exif_width": null, "exif_height": null, "gps_xy_stddev": null, "gps_z_stddev": null, "camera_projection": "brown", "focal_ratio": 0.85}, {"filename": "image_1.jpg", "mask": null, "width": 1080, "height": 1440, "camera_make": "", "camera_model": "", "orientation": 1, "latitude": null, "longitude": null, "altitude": null, "band_name": "RGB", "band_index": 0, "capture_uuid": null, "fnumber": null, "radiometric_calibration": null, "black_level": null, "gain": null, "gain_adjustment": null, "exposure_time": null, "iso_speed": null, "bits_per_sample": null, "vignetting_center": null, "vignetting_polynomial": null, "spectral_irradiance": null, "horizontal_irradiance": null, "irradiance_scale_to_si": null, "utc_time": null, "yaw": null, "pitch": null, "roll": null, "omega": null, "phi": null, "kappa": null, "sun_sensor": null, "dls_yaw": null, "dls_pitch": null, "dls_roll": null, "speed_x": null, "speed_y": null, "speed_z": null, "exif_width": null, "exif_height": null, "gps_xy_stddev": null, "gps_z_stddev": null, "camera_projection": "brown", "focal_ratio": 0.85}, {"filename": "image_10.jpg", "mask": null, "width": 1080, "height": 1440, "camera_make": "", "camera_model": "", "orientation": 1, "latitude": null, "longitude": null, "altitude": null, "band_name": "RGB", "band_index": 0, "capture_uuid": null, "fnumber": null, "radiometric_calibration": null, "black_level": null, "gain": null, "gain_adjustment": null, "exposure_time": null, "iso_speed": null, "bits_per_sample": null, "vignetting_center": null, "vignetting_polynomial": null, "spectral_irradiance": null, "horizontal_irradiance": null, "irradiance_scale_to_si": null, "utc_time": null, "yaw": null, "pitch": null, "roll": null, "omega": null, "phi": null, "kappa": null, "sun_sensor": null, "dls_yaw": null, "dls_pitch": null, "dls_roll": null, "speed_x": null, "speed_y": null, "speed_z": null, "exif_width": null, "exif_height": null, "gps_xy_stddev": null, "gps_z_stddev": null, "camera_projection": "brown", "focal_ratio": 0.85}, {"filename": "image_14.jpg", "mask": null, "width": 1080, "height": 1440, "camera_make": "", "camera_model": "", "orientation": 1, "latitude": null, "longitude": null, "altitude": null, "band_name": "RGB", "band_index": 0, "capture_uuid": null, "fnumber": null, "radiometric_calibration": null, "black_level": null, "gain": null, "gain_adjustment": null, "exposure_time": null, "iso_speed": null, "bits_per_sample": null, "vignetting_center": null, "vignetting_polynomial": null, "spectral_irradiance": null, "horizontal_irradiance": null, "irradiance_scale_to_si": null, "utc_time": null, "yaw": null, "pitch": null, "roll": null, "omega": null, "phi": null, "kappa": null, "sun_sensor": null, "dls_yaw": null, "dls_pitch": null, "dls_roll": null, "speed_x": null, "speed_y": null, "speed_z": null, "exif_width": null, "exif_height": null, "gps_xy_stddev": null, "gps_z_stddev": null, "camera_projection": "brown", "focal_ratio": 0.85}, {"filename": "image_13.jpg", "mask": null, "width": 1080, "height": 1440, "camera_make": "", "camera_model": "", "orientation": 1, "latitude": null, "longitude": null, "altitude": null, "band_name": "RGB", "band_index": 0, "capture_uuid": null, "fnumber": null, "radiometric_calibration": null, "black_level": null, "gain": null, "gain_adjustment": null, "exposure_time": null, "iso_speed": null, "bits_per_sample": null, "vignetting_center": null, "vignetting_polynomial": null, "spectral_irradiance": null, "horizontal_irradiance": null, "irradiance_scale_to_si": null, "utc_time": null, "yaw": null, "pitch": null, "roll": null, "omega": null, "phi": null, "kappa": null, "sun_sensor": null, "dls_yaw": null, "dls_pitch": null, "dls_roll": null, "speed_x": null, "speed_y": null, "speed_z": null, "exif_width": null, "exif_height": null, "gps_xy_stddev": null, "gps_z_stddev": null, "camera_projection": "brown", "focal_ratio": 0.85}, {"filename": "image_12.jpg", "mask": null, "width": 1080, "height": 1440, "camera_make": "", "camera_model": "", "orientation": 1, "latitude": null, "longitude": null, "altitude": null, "band_name": "RGB", "band_index": 0, "capture_uuid": null, "fnumber": null, "radiometric_calibration": null, "black_level": null, "gain": null, "gain_adjustment": null, "exposure_time": null, "iso_speed": null, "bits_per_sample": null, "vignetting_center": null, "vignetting_polynomial": null, "spectral_irradiance": null, "horizontal_irradiance": null, "irradiance_scale_to_si": null, "utc_time": null, "yaw": null, "pitch": null, "roll": null, "omega": null, "phi": null, "kappa": null, "sun_sensor": null, "dls_yaw": null, "dls_pitch": null, "dls_roll": null, "speed_x": null, "speed_y": null, "speed_z": null, "exif_width": null, "exif_height": null, "gps_xy_stddev": null, "gps_z_stddev": null, "camera_projection": "brown", "focal_ratio": 0.85}, {"filename": "image_15.jpg", "mask": null, "width": 1080, "height": 1440, "camera_make": "", "camera_model": "", "orientation": 1, "latitude": null, "longitude": null, "altitude": null, "band_name": "RGB", "band_index": 0, "capture_uuid": null, "fnumber": null, "radiometric_calibration": null, "black_level": null, "gain": null, "gain_adjustment": null, "exposure_time": null, "iso_speed": null, "bits_per_sample": null, "vignetting_center": null, "vignetting_polynomial": null, "spectral_irradiance": null, "horizontal_irradiance": null, "irradiance_scale_to_si": null, "utc_time": null, "yaw": null, "pitch": null, "roll": null, "omega": null, "phi": null, "kappa": null, "sun_sensor": null, "dls_yaw": null, "dls_pitch": null, "dls_roll": null, "speed_x": null, "speed_y": null, "speed_z": null, "exif_width": null, "exif_height": null, "gps_xy_stddev": null, "gps_z_stddev": null, "camera_projection": "brown", "focal_ratio": 0.85}, {"filename": "image_6.jpg", "mask": null, "width": 1080, "height": 1440, "camera_make": "", "camera_model": "", "orientation": 1, "latitude": null, "longitude": null, "altitude": null, "band_name": "RGB", "band_index": 0, "capture_uuid": null, "fnumber": null, "radiometric_calibration": null, "black_level": null, "gain": null, "gain_adjustment": null, "exposure_time": null, "iso_speed": null, "bits_per_sample": null, "vignetting_center": null, "vignetting_polynomial": null, "spectral_irradiance": null, "horizontal_irradiance": null, "irradiance_scale_to_si": null, "utc_time": null, "yaw": null, "pitch": null, "roll": null, "omega": null, "phi": null, "kappa": null, "sun_sensor": null, "dls_yaw": null, "dls_pitch": null, "dls_roll": null, "speed_x": null, "speed_y": null, "speed_z": null, "exif_width": null, "exif_height": null, "gps_xy_stddev": null, "gps_z_stddev": null, "camera_projection": "brown", "focal_ratio": 0.85}, {"filename": "image_7.jpg", "mask": null, "width": 1080, "height": 1440, "camera_make": "", "camera_model": "", "orientation": 1, "latitude": null, "longitude": null, "altitude": null, "band_name": "RGB", "band_index": 0, "capture_uuid": null, "fnumber": null, "radiometric_calibration": null, "black_level": null, "gain": null, "gain_adjustment": null, "exposure_time": null, "iso_speed": null, "bits_per_sample": null, "vignetting_center": null, "vignetting_polynomial": null, "spectral_irradiance": null, "horizontal_irradiance": null, "irradiance_scale_to_si": null, "utc_time": null, "yaw": null, "pitch": null, "roll": null, "omega": null, "phi": null, "kappa": null, "sun_sensor": null, "dls_yaw": null, "dls_pitch": null, "dls_roll": null, "speed_x": null, "speed_y": null, "speed_z": null, "exif_width": null, "exif_height": null, "gps_xy_stddev": null, "gps_z_stddev": null, "camera_projection": "brown", "focal_ratio": 0.85}, {"filename": "image_3.jpg", "mask": null, "width": 1080, "height": 1440, "camera_make": "", "camera_model": "", "orientation": 1, "latitude": null, "longitude": null, "altitude": null, "band_name": "RGB", "band_index": 0, "capture_uuid": null, "fnumber": null, "radiometric_calibration": null, "black_level": null, "gain": null, "gain_adjustment": null, "exposure_time": null, "iso_speed": null, "bits_per_sample": null, "vignetting_center": null, "vignetting_polynomial": null, "spectral_irradiance": null, "horizontal_irradiance": null, "irradiance_scale_to_si": null, "utc_time": null, "yaw": null, "pitch": null, "roll": null, "omega": null, "phi": null, "kappa": null, "sun_sensor": null, "dls_yaw": null, "dls_pitch": null, "dls_roll": null, "speed_x": null, "speed_y": null, "speed_z": null, "exif_width": null, "exif_height": null, "gps_xy_stddev": null, "gps_z_stddev": null, "camera_projection": "brown", "focal_ratio": 0.85}, {"filename": "image_11.jpg", "mask": null, "width": 1080, "height": 1440, "camera_make": "", "camera_model": "", "orientation": 1, "latitude": null, "longitude": null, "altitude": null, "band_name": "RGB", "band_index": 0, "capture_uuid": null, "fnumber": null, "radiometric_calibration": null, "black_level": null, "gain": null, "gain_adjustment": null, "exposure_time": null, "iso_speed": null, "bits_per_sample": null, "vignetting_center": null, "vignetting_polynomial": null, "spectral_irradiance": null, "horizontal_irradiance": null, "irradiance_scale_to_si": null, "utc_time": null, "yaw": null, "pitch": null, "roll": null, "omega": null, "phi": null, "kappa": null, "sun_sensor": null, "dls_yaw": null, "dls_pitch": null, "dls_roll": null, "speed_x": null, "speed_y": null, "speed_z": null, "exif_width": null, "exif_height": null, "gps_xy_stddev": null, "gps_z_stddev": null, "camera_projection": "brown", "focal_ratio": 0.85}, {"filename": "image_16.jpg", "mask": null, "width": 1080, "height": 1440, "camera_make": "", "camera_model": "", "orientation": 1, "latitude": null, "longitude": null, "altitude": null, "band_name": "RGB", "band_index": 0, "capture_uuid": null, "fnumber": null, "radiometric_calibration": null, "black_level": null, "gain": null, "gain_adjustment": null, "exposure_time": null, "iso_speed": null, "bits_per_sample": null, "vignetting_center": null, "vignetting_polynomial": null, "spectral_irradiance": null, "horizontal_irradiance": null, "irradiance_scale_to_si": null, "utc_time": null, "yaw": null, "pitch": null, "roll": null, "omega": null, "phi": null, "kappa": null, "sun_sensor": null, "dls_yaw": null, "dls_pitch": null, "dls_roll": null, "speed_x": null, "speed_y": null, "speed_z": null, "exif_width": null, "exif_height": null, "gps_xy_stddev": null, "gps_z_stddev": null, "camera_projection": "brown", "focal_ratio": 0.85}, {"filename": "image_8.jpg", "mask": null, "width": 1080, "height": 1440, "camera_make": "", "camera_model": "", "orientation": 1, "latitude": null, "longitude": null, "altitude": null, "band_name": "RGB", "band_index": 0, "capture_uuid": null, "fnumber": null, "radiometric_calibration": null, "black_level": null, "gain": null, "gain_adjustment": null, "exposure_time": null, "iso_speed": null, "bits_per_sample": null, "vignetting_center": null, "vignetting_polynomial": null, "spectral_irradiance": null, "horizontal_irradiance": null, "irradiance_scale_to_si": null, "utc_time": null, "yaw": null, "pitch": null, "roll": null, "omega": null, "phi": null, "kappa": null, "sun_sensor": null, "dls_yaw": null, "dls_pitch": null, "dls_roll": null, "speed_x": null, "speed_y": null, "speed_z": null, "exif_width": null, "exif_height": null, "gps_xy_stddev": null, "gps_z_stddev": null, "camera_projection": "brown", "focal_ratio": 0.85}]