{
  "bounds": [
    -4.58,
    -3.56,
    -11.03,
    2.57,
    5.36,
    -0.43
  ],
  "metadata": {
    "readers.las": {
      "comp_spatialreference": "",
      "compressed": true,
      "copc": false,
      "count": 152619,
      "creation_doy": 7,
      "creation_year": 2026,
      "dataformat_id": 7,
      "dataoffset": 475,
      "filesource_id": 0,
      "global_encoding": 16,
      "global_encoding_base64": "EAA=",
      "header_size": 375,
      "major_version": 1,
      "maxx": 2.57,
      "maxy": 5.36,
      "maxz": -0.43,
      "minor_version": 4,
      "minx": -4.58,
      "miny": -3.56,
      "minz": -11.03,
      "offset_x": 0,
      "offset_y": 0,
      "offset_z": 0,
      "point_length": 36,
      "project_id": "00000000-0000-0000-0000-000000000000",
      "scale_x": 0.01,
      "scale_y": 0.01,
      "scale_z": 0.01,
      "software_id": "PDAL 2.9.0 (831631)",
      "spatialreference": "",
      "srs": {
        "compoundwkt": "",
        "horizontal": "",
        "isgeocentric": false,
        "isgeographic": false,
        "json": {},
        "prettycompoundwkt": "",
        "prettywkt": "",
        "proj4": "",
        "units": {
          "horizontal": "unknown",
          "vertical": ""
        },
        "vertical": "",
        "wkt": ""
      },
      "system_id": "PDAL",
      "vlr_0": {
        "data": "AwAAAAMEAwAAAAAAUMMAAP////////////////////8CAAoAHgADAAsABgADAA==",
        "description": "http://laszip.org",
        "record_id": 22204,
        "user_id": "laszip encoded"
      },
      "vlr_1": {
        "data": "AwAAAAMEAwAAAAAAUMMAAP////////////////////8CAAoAHgADAAsABgADAA==",
        "description": "http://laszip.org",
        "record_id": 22204,
        "user_id": "laszip encoded"
      }
    }
  },
  "path": "/var/www/data/bd853eb0-fc89-4fbe-933a-77edcf965e08/odm_georeferencing/odm_georeferenced_model.laz",
  "pipeline": [
    {
      "filename": "/var/www/data/bd853eb0-fc89-4fbe-933a-77edcf965e08/odm_georeferencing/odm_georeferenced_model.laz"
    }
  ],
  "points": 152619,
  "schema": [
    {
      "count": 152619,
      "maximum": 2.57,
      "mean": -0.937343318983884,
      "minimum": -4.58,
      "name": "X",
      "scale": 0.01,
      "size": 4,
      "stddev": 1.1686950231223605,
      "type": "signed",
      "variance": 1.365848057070975
    },
    {
      "count": 152619,
      "maximum": 5.36,
      "mean": -0.7223940007469629,
      "minimum": -3.56,
      "name": "Y",
      "scale": 0.01,
      "size": 4,
      "stddev": 1.655008752948474,
      "type": "signed",
      "variance": 2.7390539723360634
    },
    {
      "count": 152619,
      "maximum": -0.43,
      "mean": -5.113609511266618,
      "minimum": -11.03,
      "name": "Z",
      "scale": 0.01,
      "size": 4,
      "stddev": 0.7532534856713934,
      "type": "signed",
      "variance": 0.567390813676104
    },
    {
      "count": 152619,
      "maximum": 0,
      "mean": 0,
      "minimum": 0,
      "name": "Intensity",
      "size": 2,
      "stddev": 0,
      "type": "unsigned",
      "variance": 0
    },
    {
      "count": 152619,
      "maximum": 1,
      "mean": 1,
      "minimum": 1,
      "name": "ReturnNumber",
      "size": 1,
      "stddev": 0,
      "type": "unsigned",
      "variance": 0
    },
    {
      "count": 152619,
      "maximum": 1,
      "mean": 1,
      "minimum": 1,
      "name": "NumberOfReturns",
      "size": 1,
      "stddev": 0,
      "type": "unsigned",
      "variance": 0
    },
    {
      "count": 152619,
      "maximum": 0,
      "mean": 0,
      "minimum": 0,
      "name": "ScanDirectionFlag",
      "size": 1,
      "stddev": 0,
      "type": "unsigned",
      "variance": 0
    },
    {
      "count": 152619,
      "maximum": 0,
      "mean": 0,
      "minimum": 0,
      "name": "EdgeOfFlightLine",
      "size": 1,
      "stddev": 0,
      "type": "unsigned",
      "variance": 0
    },
    {
      "count": 152619,
      "counts": [
        {
          "count": 152619,
          "value": 0
        }
      ],
      "maximum": 0,
      "mean": 0,
      "minimum": 0,
      "name": "Classification",
      "size": 1,
      "stddev": 0,
      "type": "unsigned",
      "variance": 0
    },
    {
      "count": 152619,
      "maximum": 0,
      "mean": 0,
      "minimum": 0,
      "name": "Synthetic",
      "size": 1,
      "stddev": 0,
      "type": "unsigned",
      "variance": 0
    },
    {
      "count": 152619,
      "maximum": 0,
      "mean": 0,
      "minimum": 0,
      "name": "KeyPoint",
      "size": 1,
      "stddev": 0,
      "type": "unsigned",
      "variance": 0
    },
    {
      "count": 152619,
      "maximum": 0,
      "mean": 0,
      "minimum": 0,
      "name": "Withheld",
      "size": 1,
      "stddev": 0,
      "type": "unsigned",
      "variance": 0
    },
    {
      "count": 152619,
      "maximum": 0,
      "mean": 0,
      "minimum": 0,
      "name": "Overlap",
      "size": 1,
      "stddev": 0,
      "type": "unsigned",
      "variance": 0
    },
    {
      "count": 152619,
      "maximum": 0,
      "mean": 0,
      "minimum": 0,
      "name": "ScanAngleRank",
      "size": 4,
      "stddev": 0,
      "type": "float",
      "variance": 0
    },
    {
      "count": 152619,
      "maximum": 13,
      "mean": 2.872453626350584,
      "minimum": 2,
      "name": "UserData",
      "size": 1,
      "stddev": 1.620424382875261,
      "type": "unsigned",
      "variance": 2.62577518061667
    },
    {
      "count": 152619,
      "maximum": 0,
      "mean": 0,
      "minimum": 0,
      "name": "PointSourceId",
      "size": 2,
      "stddev": 0,
      "type": "unsigned",
      "variance": 0
    },
    {
      "count": 152619,
      "maximum": 0,
      "mean": 0,
      "minimum": 0,
      "name": "GpsTime",
      "size": 8,
      "stddev": 0,
      "type": "float",
      "variance": 0
    },
    {
      "count": 152619,
      "maximum": 0,
      "mean": 0,
      "minimum": 0,
      "name": "ScanChannel",
      "size": 1,
      "stddev": 0,
      "type": "unsigned",
      "variance": 0
    },
    {
      "count": 152619,
      "maximum": 255,
      "mean": 117.57760174028205,
      "minimum": 5,
      "name": "Red",
      "size": 2,
      "stddev": 54.099672645215925,
      "type": "unsigned",
      "variance": 2926.774580319524
    },
    {
      "count": 152619,
      "maximum": 255,
      "mean": 109.98375038494665,
      "minimum": 7,
      "name": "Green",
      "size": 2,
      "stddev": 48.9802150345466,
      "type": "unsigned",
      "variance": 2399.061464830425
    },
    {
      "count": 152619,
      "maximum": 255,
      "mean": 100.23592082244122,
      "minimum": 2,
      "name": "Blue",
      "size": 2,
      "stddev": 47.98516238660936,
      "type": "unsigned",
      "variance": 2302.5758092692695
    },
    {
      "count": 152619,
      "maximum": 0,
      "mean": 0,
      "minimum": 0,
      "name": "OriginId",
      "size": 4,
      "stddev": 0,
      "type": "unsigned",
      "variance": 0
    }
  ],
  "srs": {}
}