{
  "bounds": [
    -3.99,
    -3.38,
    -10.56,
    2.62,
    4.99,
    -0.04
  ],
  "metadata": {
    "readers.las": {
      "comp_spatialreference": "",
      "compressed": true,
      "copc": false,
      "count": 147852,
      "creation_doy": 7,
      "creation_year": 2026,
      "dataformat_id": 7,
      "dataoffset": 475,
      "filesource_id": 0,
      "global_encoding": 16,
      "global_encoding_base64": "EAA=",
      "header_size": 375,
      "major_version": 1,
      "maxx": 2.62,
      "maxy": 4.99,
      "maxz": -0.04,
      "minor_version": 4,
      "minx": -3.99,
      "miny": -3.38,
      "minz": -10.56,
      "offset_x": 0,
      "offset_y": 0,
      "offset_z": 0,
      "point_length": 36,
      "project_id": "00000000-0000-0000-0000-000000000000",
      "scale_x": 0.01,
      "scale_y": 0.01,
      "scale_z": 0.01,
      "software_id": "PDAL 2.9.0 (831631)",
      "spatialreference": "",
      "srs": {
        "compoundwkt": "",
        "horizontal": "",
        "isgeocentric": false,
        "isgeographic": false,
        "json": {},
        "prettycompoundwkt": "",
        "prettywkt": "",
        "proj4": "",
        "units": {
          "horizontal": "unknown",
          "vertical": ""
        },
        "vertical": "",
        "wkt": ""
      },
      "system_id": "PDAL",
      "vlr_0": {
        "data": "AwAAAAMEAwAAAAAAUMMAAP////////////////////8CAAoAHgADAAsABgADAA==",
        "description": "http://laszip.org",
        "record_id": 22204,
        "user_id": "laszip encoded"
      },
      "vlr_1": {
        "data": "AwAAAAMEAwAAAAAAUMMAAP////////////////////8CAAoAHgADAAsABgADAA==",
        "description": "http://laszip.org",
        "record_id": 22204,
        "user_id": "laszip encoded"
      }
    }
  },
  "path": "/var/www/data/b3ed2a92-8961-45fc-a62b-a98654fb7698/odm_georeferencing/odm_georeferenced_model.laz",
  "pipeline": [
    {
      "filename": "/var/www/data/b3ed2a92-8961-45fc-a62b-a98654fb7698/odm_georeferencing/odm_georeferenced_model.laz"
    }
  ],
  "points": 147852,
  "schema": [
    {
      "count": 147852,
      "maximum": 2.62,
      "mean": -0.6775781186592108,
      "minimum": -3.99,
      "name": "X",
      "scale": 0.01,
      "size": 4,
      "stddev": 1.3831779633841166,
      "type": "signed",
      "variance": 1.9131812783914326
    },
    {
      "count": 147852,
      "maximum": 4.99,
      "mean": -0.8450583691799878,
      "minimum": -3.38,
      "name": "Y",
      "scale": 0.01,
      "size": 4,
      "stddev": 1.7402813241456463,
      "type": "signed",
      "variance": 3.028579087170124
    },
    {
      "count": 147852,
      "maximum": -0.04,
      "mean": -5.6750306387469305,
      "minimum": -10.56,
      "name": "Z",
      "scale": 0.01,
      "size": 4,
      "stddev": 0.9108311831855735,
      "type": "signed",
      "variance": 0.8296134442632318
    },
    {
      "count": 147852,
      "maximum": 0,
      "mean": 0,
      "minimum": 0,
      "name": "Intensity",
      "size": 2,
      "stddev": 0,
      "type": "unsigned",
      "variance": 0
    },
    {
      "count": 147852,
      "maximum": 1,
      "mean": 1,
      "minimum": 1,
      "name": "ReturnNumber",
      "size": 1,
      "stddev": 0,
      "type": "unsigned",
      "variance": 0
    },
    {
      "count": 147852,
      "maximum": 1,
      "mean": 1,
      "minimum": 1,
      "name": "NumberOfReturns",
      "size": 1,
      "stddev": 0,
      "type": "unsigned",
      "variance": 0
    },
    {
      "count": 147852,
      "maximum": 0,
      "mean": 0,
      "minimum": 0,
      "name": "ScanDirectionFlag",
      "size": 1,
      "stddev": 0,
      "type": "unsigned",
      "variance": 0
    },
    {
      "count": 147852,
      "maximum": 0,
      "mean": 0,
      "minimum": 0,
      "name": "EdgeOfFlightLine",
      "size": 1,
      "stddev": 0,
      "type": "unsigned",
      "variance": 0
    },
    {
      "count": 147852,
      "counts": [
        {
          "count": 147852,
          "value": 0
        }
      ],
      "maximum": 0,
      "mean": 0,
      "minimum": 0,
      "name": "Classification",
      "size": 1,
      "stddev": 0,
      "type": "unsigned",
      "variance": 0
    },
    {
      "count": 147852,
      "maximum": 0,
      "mean": 0,
      "minimum": 0,
      "name": "Synthetic",
      "size": 1,
      "stddev": 0,
      "type": "unsigned",
      "variance": 0
    },
    {
      "count": 147852,
      "maximum": 0,
      "mean": 0,
      "minimum": 0,
      "name": "KeyPoint",
      "size": 1,
      "stddev": 0,
      "type": "unsigned",
      "variance": 0
    },
    {
      "count": 147852,
      "maximum": 0,
      "mean": 0,
      "minimum": 0,
      "name": "Withheld",
      "size": 1,
      "stddev": 0,
      "type": "unsigned",
      "variance": 0
    },
    {
      "count": 147852,
      "maximum": 0,
      "mean": 0,
      "minimum": 0,
      "name": "Overlap",
      "size": 1,
      "stddev": 0,
      "type": "unsigned",
      "variance": 0
    },
    {
      "count": 147852,
      "maximum": 0,
      "mean": 0,
      "minimum": 0,
      "name": "ScanAngleRank",
      "size": 4,
      "stddev": 0,
      "type": "float",
      "variance": 0
    },
    {
      "count": 147852,
      "maximum": 10,
      "mean": 2.9058720883045885,
      "minimum": 2,
      "name": "UserData",
      "size": 1,
      "stddev": 1.505203443619286,
      "type": "unsigned",
      "variance": 2.265637406683357
    },
    {
      "count": 147852,
      "maximum": 0,
      "mean": 0,
      "minimum": 0,
      "name": "PointSourceId",
      "size": 2,
      "stddev": 0,
      "type": "unsigned",
      "variance": 0
    },
    {
      "count": 147852,
      "maximum": 0,
      "mean": 0,
      "minimum": 0,
      "name": "GpsTime",
      "size": 8,
      "stddev": 0,
      "type": "float",
      "variance": 0
    },
    {
      "count": 147852,
      "maximum": 0,
      "mean": 0,
      "minimum": 0,
      "name": "ScanChannel",
      "size": 1,
      "stddev": 0,
      "type": "unsigned",
      "variance": 0
    },
    {
      "count": 147852,
      "maximum": 255,
      "mean": 118.43477937396895,
      "minimum": 7,
      "name": "Red",
      "size": 2,
      "stddev": 52.01392930030222,
      "type": "unsigned",
      "variance": 2705.4488412568385
    },
    {
      "count": 147852,
      "maximum": 255,
      "mean": 110.72549576603616,
      "minimum": 6,
      "name": "Green",
      "size": 2,
      "stddev": 47.20131021978718,
      "type": "unsigned",
      "variance": 2227.963686464586
    },
    {
      "count": 147852,
      "maximum": 255,
      "mean": 100.72358168979777,
      "minimum": 0,
      "name": "Blue",
      "size": 2,
      "stddev": 45.95479541904502,
      "type": "unsigned",
      "variance": 2111.8432220062814
    },
    {
      "count": 147852,
      "maximum": 0,
      "mean": 0,
      "minimum": 0,
      "name": "OriginId",
      "size": 4,
      "stddev": 0,
      "type": "unsigned",
      "variance": 0
    }
  ],
  "srs": {}
}