{
  "bounds": [
    -8,
    -6,
    -13,
    6,
    8,
    1
  ],
  "boundsConforming": [
    -5.0,
    -4.0,
    -12.0,
    3.0,
    6.0,
    -0.0
  ],
  "dataType": "laszip",
  "hierarchyType": "json",
  "points": 152619,
  "schema": [
    {
      "count": 152619,
      "maximum": 2.57,
      "mean": -0.937343318983884,
      "minimum": -4.58,
      "name": "X",
      "offset": -1,
      "scale": 0.01,
      "size": 4,
      "stddev": 1.1686950231223605,
      "type": "signed",
      "variance": 1.365848057070975
    },
    {
      "count": 152619,
      "maximum": 5.36,
      "mean": -0.7223940007469629,
      "minimum": -3.56,
      "name": "Y",
      "offset": 1,
      "scale": 0.01,
      "size": 4,
      "stddev": 1.655008752948474,
      "type": "signed",
      "variance": 2.7390539723360634
    },
    {
      "count": 152619,
      "maximum": -0.43,
      "mean": -5.113609511266618,
      "minimum": -11.03,
      "name": "Z",
      "offset": -6,
      "scale": 0.01,
      "size": 4,
      "stddev": 0.7532534856713934,
      "type": "signed",
      "variance": 0.567390813676104
    },
    {
      "count": 152619,
      "maximum": 0,
      "mean": 0,
      "minimum": 0,
      "name": "Intensity",
      "size": 2,
      "stddev": 0,
      "type": "unsigned",
      "variance": 0
    },
    {
      "count": 152619,
      "maximum": 1,
      "mean": 1,
      "minimum": 1,
      "name": "ReturnNumber",
      "size": 1,
      "stddev": 0,
      "type": "unsigned",
      "variance": 0
    },
    {
      "count": 152619,
      "maximum": 1,
      "mean": 1,
      "minimum": 1,
      "name": "NumberOfReturns",
      "size": 1,
      "stddev": 0,
      "type": "unsigned",
      "variance": 0
    },
    {
      "count": 152619,
      "maximum": 0,
      "mean": 0,
      "minimum": 0,
      "name": "ScanDirectionFlag",
      "size": 1,
      "stddev": 0,
      "type": "unsigned",
      "variance": 0
    },
    {
      "count": 152619,
      "maximum": 0,
      "mean": 0,
      "minimum": 0,
      "name": "EdgeOfFlightLine",
      "size": 1,
      "stddev": 0,
      "type": "unsigned",
      "variance": 0
    },
    {
      "count": 152619,
      "counts": [
        {
          "count": 152619,
          "value": 0
        }
      ],
      "maximum": 0,
      "mean": 0,
      "minimum": 0,
      "name": "Classification",
      "size": 1,
      "stddev": 0,
      "type": "unsigned",
      "variance": 0
    },
    {
      "count": 152619,
      "maximum": 0,
      "mean": 0,
      "minimum": 0,
      "name": "Synthetic",
      "size": 1,
      "stddev": 0,
      "type": "unsigned",
      "variance": 0
    },
    {
      "count": 152619,
      "maximum": 0,
      "mean": 0,
      "minimum": 0,
      "name": "KeyPoint",
      "size": 1,
      "stddev": 0,
      "type": "unsigned",
      "variance": 0
    },
    {
      "count": 152619,
      "maximum": 0,
      "mean": 0,
      "minimum": 0,
      "name": "Withheld",
      "size": 1,
      "stddev": 0,
      "type": "unsigned",
      "variance": 0
    },
    {
      "count": 152619,
      "maximum": 0,
      "mean": 0,
      "minimum": 0,
      "name": "Overlap",
      "size": 1,
      "stddev": 0,
      "type": "unsigned",
      "variance": 0
    },
    {
      "count": 152619,
      "maximum": 0,
      "mean": 0,
      "minimum": 0,
      "name": "ScanAngleRank",
      "size": 4,
      "stddev": 0,
      "type": "float",
      "variance": 0
    },
    {
      "count": 152619,
      "maximum": 13,
      "mean": 2.872453626350584,
      "minimum": 2,
      "name": "UserData",
      "size": 1,
      "stddev": 1.620424382875261,
      "type": "unsigned",
      "variance": 2.62577518061667
    },
    {
      "count": 152619,
      "maximum": 0,
      "mean": 0,
      "minimum": 0,
      "name": "PointSourceId",
      "size": 2,
      "stddev": 0,
      "type": "unsigned",
      "variance": 0
    },
    {
      "count": 152619,
      "maximum": 0,
      "mean": 0,
      "minimum": 0,
      "name": "GpsTime",
      "size": 8,
      "stddev": 0,
      "type": "float",
      "variance": 0
    },
    {
      "count": 152619,
      "maximum": 0,
      "mean": 0,
      "minimum": 0,
      "name": "ScanChannel",
      "size": 1,
      "stddev": 0,
      "type": "unsigned",
      "variance": 0
    },
    {
      "count": 152619,
      "maximum": 255,
      "mean": 117.57760174028205,
      "minimum": 5,
      "name": "Red",
      "size": 2,
      "stddev": 54.099672645215925,
      "type": "unsigned",
      "variance": 2926.774580319524
    },
    {
      "count": 152619,
      "maximum": 255,
      "mean": 109.98375038494665,
      "minimum": 7,
      "name": "Green",
      "size": 2,
      "stddev": 48.9802150345466,
      "type": "unsigned",
      "variance": 2399.061464830425
    },
    {
      "count": 152619,
      "maximum": 255,
      "mean": 100.23592082244122,
      "minimum": 2,
      "name": "Blue",
      "size": 2,
      "stddev": 47.98516238660936,
      "type": "unsigned",
      "variance": 2302.5758092692695
    },
    {
      "count": 152619,
      "maximum": 0,
      "mean": 0,
      "minimum": 0,
      "name": "OriginId",
      "size": 4,
      "stddev": 0,
      "type": "unsigned",
      "variance": 0
    }
  ],
  "span": 128,
  "version": "1.1.0"
}